date_id,full_date,month,month_name,quarter,year
1,2024-01-01,1,Jan,1,2024
2,2024-01-02,1,Jan,1,2024
3,2024-01-03,1,Jan,1,2024
4,2024-01-04,1,Jan,1,2024
5,2024-01-05,1,Jan,1,2024
6,2024-01-06,1,Jan,1,2024
7,2024-01-07,1,Jan,1,2024
8,2024-01-08,1,Jan,1,2024
9,2024-01-09,1,Jan,1,2024
10,2024-01-10,1,Jan,1,2024
11,2024-01-11,1,Jan,1,2024
12,2024-01-12,1,Jan,1,2024
13,2024-01-13,1,Jan,1,2024
14,2024-01-14,1,Jan,1,2024
15,2024-01-15,1,Jan,1,2024
16,2024-01-16,1,Jan,1,2024
17,2024-01-17,1,Jan,1,2024
18,2024-01-18,1,Jan,1,2024
19,2024-01-19,1,Jan,1,2024
20,2024-01-20,1,Jan,1,2024
21,2024-01-21,1,Jan,1,2024
22,2024-01-22,1,Jan,1,2024
23,2024-01-23,1,Jan,1,2024
24,2024-01-24,1,Jan,1,2024
25,2024-01-25,1,Jan,1,2024
26,2024-01-26,1,Jan,1,2024
27,2024-01-27,1,Jan,1,2024
28,2024-01-28,1,Jan,1,2024
29,2024-01-29,1,Jan,1,2024
30,2024-01-30,1,Jan,1,2024
31,2024-01-31,1,Jan,1,2024
32,2024-02-01,2,Feb,1,2024
33,2024-02-02,2,Feb,1,2024
34,2024-02-03,2,Feb,1,2024
35,2024-02-04,2,Feb,1,2024
36,2024-02-05,2,Feb,1,2024
37,2024-02-06,2,Feb,1,2024
38,2024-02-07,2,Feb,1,2024
39,2024-02-08,2,Feb,1,2024
40,2024-02-09,2,Feb,1,2024
41,2024-02-10,2,Feb,1,2024
42,2024-02-11,2,Feb,1,2024
43,2024-02-12,2,Feb,1,2024
44,2024-02-13,2,Feb,1,2024
45,2024-02-14,2,Feb,1,2024
46,2024-02-15,2,Feb,1,2024
47,2024-02-16,2,Feb,1,2024
48,2024-02-17,2,Feb,1,2024
49,2024-02-18,2,Feb,1,2024
50,2024-02-19,2,Feb,1,2024
51,2024-02-20,2,Feb,1,2024
52,2024-02-21,2,Feb,1,2024
53,2024-02-22,2,Feb,1,2024
54,2024-02-23,2,Feb,1,2024
55,2024-02-24,2,Feb,1,2024
56,2024-02-25,2,Feb,1,2024
57,2024-02-26,2,Feb,1,2024
58,2024-02-27,2,Feb,1,2024
59,2024-02-28,2,Feb,1,2024
60,2024-02-29,2,Feb,1,2024
61,2024-03-01,3,Mar,1,2024
62,2024-03-02,3,Mar,1,2024
63,2024-03-03,3,Mar,1,2024
64,2024-03-04,3,Mar,1,2024
65,2024-03-05,3,Mar,1,2024
66,2024-03-06,3,Mar,1,2024
67,2024-03-07,3,Mar,1,2024
68,2024-03-08,3,Mar,1,2024
69,2024-03-09,3,Mar,1,2024
70,2024-03-10,3,Mar,1,2024
71,2024-03-11,3,Mar,1,2024
72,2024-03-12,3,Mar,1,2024
73,2024-03-13,3,Mar,1,2024
74,2024-03-14,3,Mar,1,2024
75,2024-03-15,3,Mar,1,2024
76,2024-03-16,3,Mar,1,2024
77,2024-03-17,3,Mar,1,2024
78,2024-03-18,3,Mar,1,2024
79,2024-03-19,3,Mar,1,2024
80,2024-03-20,3,Mar,1,2024
81,2024-03-21,3,Mar,1,2024
82,2024-03-22,3,Mar,1,2024
83,2024-03-23,3,Mar,1,2024
84,2024-03-24,3,Mar,1,2024
85,2024-03-25,3,Mar,1,2024
86,2024-03-26,3,Mar,1,2024
87,2024-03-27,3,Mar,1,2024
88,2024-03-28,3,Mar,1,2024
89,2024-03-29,3,Mar,1,2024
90,2024-03-30,3,Mar,1,2024
91,2024-03-31,3,Mar,1,2024
92,2024-04-01,4,Apr,2,2024
93,2024-04-02,4,Apr,2,2024
94,2024-04-03,4,Apr,2,2024
95,2024-04-04,4,Apr,2,2024
96,2024-04-05,4,Apr,2,2024
97,2024-04-06,4,Apr,2,2024
98,2024-04-07,4,Apr,2,2024
99,2024-04-08,4,Apr,2,2024
100,2024-04-09,4,Apr,2,2024
101,2024-04-10,4,Apr,2,2024
102,2024-04-11,4,Apr,2,2024
103,2024-04-12,4,Apr,2,2024
104,2024-04-13,4,Apr,2,2024
105,2024-04-14,4,Apr,2,2024
106,2024-04-15,4,Apr,2,2024
107,2024-04-16,4,Apr,2,2024
108,2024-04-17,4,Apr,2,2024
109,2024-04-18,4,Apr,2,2024
110,2024-04-19,4,Apr,2,2024
111,2024-04-20,4,Apr,2,2024
112,2024-04-21,4,Apr,2,2024
113,2024-04-22,4,Apr,2,2024
114,2024-04-23,4,Apr,2,2024
115,2024-04-24,4,Apr,2,2024
116,2024-04-25,4,Apr,2,2024
117,2024-04-26,4,Apr,2,2024
118,2024-04-27,4,Apr,2,2024
119,2024-04-28,4,Apr,2,2024
120,2024-04-29,4,Apr,2,2024
121,2024-04-30,4,Apr,2,2024
122,2024-05-01,5,May,2,2024
123,2024-05-02,5,May,2,2024
124,2024-05-03,5,May,2,2024
125,2024-05-04,5,May,2,2024
126,2024-05-05,5,May,2,2024
127,2024-05-06,5,May,2,2024
128,2024-05-07,5,May,2,2024
129,2024-05-08,5,May,2,2024
130,2024-05-09,5,May,2,2024
131,2024-05-10,5,May,2,2024
132,2024-05-11,5,May,2,2024
133,2024-05-12,5,May,2,2024
134,2024-05-13,5,May,2,2024
135,2024-05-14,5,May,2,2024
136,2024-05-15,5,May,2,2024
137,2024-05-16,5,May,2,2024
138,2024-05-17,5,May,2,2024
139,2024-05-18,5,May,2,2024
140,2024-05-19,5,May,2,2024
141,2024-05-20,5,May,2,2024
142,2024-05-21,5,May,2,2024
143,2024-05-22,5,May,2,2024
144,2024-05-23,5,May,2,2024
145,2024-05-24,5,May,2,2024
146,2024-05-25,5,May,2,2024
147,2024-05-26,5,May,2,2024
148,2024-05-27,5,May,2,2024
149,2024-05-28,5,May,2,2024
150,2024-05-29,5,May,2,2024
151,2024-05-30,5,May,2,2024
152,2024-05-31,5,May,2,2024
153,2024-06-01,6,Jun,2,2024
154,2024-06-02,6,Jun,2,2024
155,2024-06-03,6,Jun,2,2024
156,2024-06-04,6,Jun,2,2024
157,2024-06-05,6,Jun,2,2024
158,2024-06-06,6,Jun,2,2024
159,2024-06-07,6,Jun,2,2024
160,2024-06-08,6,Jun,2,2024
161,2024-06-09,6,Jun,2,2024
162,2024-06-10,6,Jun,2,2024
163,2024-06-11,6,Jun,2,2024
164,2024-06-12,6,Jun,2,2024
165,2024-06-13,6,Jun,2,2024
166,2024-06-14,6,Jun,2,2024
167,2024-06-15,6,Jun,2,2024
168,2024-06-16,6,Jun,2,2024
169,2024-06-17,6,Jun,2,2024
170,2024-06-18,6,Jun,2,2024
171,2024-06-19,6,Jun,2,2024
172,2024-06-20,6,Jun,2,2024
173,2024-06-21,6,Jun,2,2024
174,2024-06-22,6,Jun,2,2024
175,2024-06-23,6,Jun,2,2024
176,2024-06-24,6,Jun,2,2024
177,2024-06-25,6,Jun,2,2024
178,2024-06-26,6,Jun,2,2024
179,2024-06-27,6,Jun,2,2024
180,2024-06-28,6,Jun,2,2024
181,2024-06-29,6,Jun,2,2024
182,2024-06-30,6,Jun,2,2024
183,2024-07-01,7,Jul,3,2024
184,2024-07-02,7,Jul,3,2024
185,2024-07-03,7,Jul,3,2024
186,2024-07-04,7,Jul,3,2024
187,2024-07-05,7,Jul,3,2024
188,2024-07-06,7,Jul,3,2024
189,2024-07-07,7,Jul,3,2024
190,2024-07-08,7,Jul,3,2024
191,2024-07-09,7,Jul,3,2024
192,2024-07-10,7,Jul,3,2024
193,2024-07-11,7,Jul,3,2024
194,2024-07-12,7,Jul,3,2024
195,2024-07-13,7,Jul,3,2024
196,2024-07-14,7,Jul,3,2024
197,2024-07-15,7,Jul,3,2024
198,2024-07-16,7,Jul,3,2024
199,2024-07-17,7,Jul,3,2024
200,2024-07-18,7,Jul,3,2024
201,2024-07-19,7,Jul,3,2024
202,2024-07-20,7,Jul,3,2024
203,2024-07-21,7,Jul,3,2024
204,2024-07-22,7,Jul,3,2024
205,2024-07-23,7,Jul,3,2024
206,2024-07-24,7,Jul,3,2024
207,2024-07-25,7,Jul,3,2024
208,2024-07-26,7,Jul,3,2024
209,2024-07-27,7,Jul,3,2024
210,2024-07-28,7,Jul,3,2024
211,2024-07-29,7,Jul,3,2024
212,2024-07-30,7,Jul,3,2024
213,2024-07-31,7,Jul,3,2024
214,2024-08-01,8,Aug,3,2024
215,2024-08-02,8,Aug,3,2024
216,2024-08-03,8,Aug,3,2024
217,2024-08-04,8,Aug,3,2024
218,2024-08-05,8,Aug,3,2024
219,2024-08-06,8,Aug,3,2024
220,2024-08-07,8,Aug,3,2024
221,2024-08-08,8,Aug,3,2024
222,2024-08-09,8,Aug,3,2024
223,2024-08-10,8,Aug,3,2024
224,2024-08-11,8,Aug,3,2024
225,2024-08-12,8,Aug,3,2024
226,2024-08-13,8,Aug,3,2024
227,2024-08-14,8,Aug,3,2024
228,2024-08-15,8,Aug,3,2024
229,2024-08-16,8,Aug,3,2024
230,2024-08-17,8,Aug,3,2024
231,2024-08-18,8,Aug,3,2024
232,2024-08-19,8,Aug,3,2024
233,2024-08-20,8,Aug,3,2024
234,2024-08-21,8,Aug,3,2024
235,2024-08-22,8,Aug,3,2024
236,2024-08-23,8,Aug,3,2024
237,2024-08-24,8,Aug,3,2024
238,2024-08-25,8,Aug,3,2024
239,2024-08-26,8,Aug,3,2024
240,2024-08-27,8,Aug,3,2024
241,2024-08-28,8,Aug,3,2024
242,2024-08-29,8,Aug,3,2024
243,2024-08-30,8,Aug,3,2024
244,2024-08-31,8,Aug,3,2024
245,2024-09-01,9,Sep,3,2024
246,2024-09-02,9,Sep,3,2024
247,2024-09-03,9,Sep,3,2024
248,2024-09-04,9,Sep,3,2024
249,2024-09-05,9,Sep,3,2024
250,2024-09-06,9,Sep,3,2024
251,2024-09-07,9,Sep,3,2024
252,2024-09-08,9,Sep,3,2024
253,2024-09-09,9,Sep,3,2024
254,2024-09-10,9,Sep,3,2024
255,2024-09-11,9,Sep,3,2024
256,2024-09-12,9,Sep,3,2024
257,2024-09-13,9,Sep,3,2024
258,2024-09-14,9,Sep,3,2024
259,2024-09-15,9,Sep,3,2024
260,2024-09-16,9,Sep,3,2024
261,2024-09-17,9,Sep,3,2024
262,2024-09-18,9,Sep,3,2024
263,2024-09-19,9,Sep,3,2024
264,2024-09-20,9,Sep,3,2024
265,2024-09-21,9,Sep,3,2024
266,2024-09-22,9,Sep,3,2024
267,2024-09-23,9,Sep,3,2024
268,2024-09-24,9,Sep,3,2024
269,2024-09-25,9,Sep,3,2024
270,2024-09-26,9,Sep,3,2024
271,2024-09-27,9,Sep,3,2024
272,2024-09-28,9,Sep,3,2024
273,2024-09-29,9,Sep,3,2024
274,2024-09-30,9,Sep,3,2024
275,2024-10-01,10,Oct,4,2024
276,2024-10-02,10,Oct,4,2024
277,2024-10-03,10,Oct,4,2024
278,2024-10-04,10,Oct,4,2024
279,2024-10-05,10,Oct,4,2024
280,2024-10-06,10,Oct,4,2024
281,2024-10-07,10,Oct,4,2024
282,2024-10-08,10,Oct,4,2024
283,2024-10-09,10,Oct,4,2024
284,2024-10-10,10,Oct,4,2024
285,2024-10-11,10,Oct,4,2024
286,2024-10-12,10,Oct,4,2024
287,2024-10-13,10,Oct,4,2024
288,2024-10-14,10,Oct,4,2024
289,2024-10-15,10,Oct,4,2024
290,2024-10-16,10,Oct,4,2024
291,2024-10-17,10,Oct,4,2024
292,2024-10-18,10,Oct,4,2024
293,2024-10-19,10,Oct,4,2024
294,2024-10-20,10,Oct,4,2024
295,2024-10-21,10,Oct,4,2024
296,2024-10-22,10,Oct,4,2024
297,2024-10-23,10,Oct,4,2024
298,2024-10-24,10,Oct,4,2024
299,2024-10-25,10,Oct,4,2024
300,2024-10-26,10,Oct,4,2024
301,2024-10-27,10,Oct,4,2024
302,2024-10-28,10,Oct,4,2024
303,2024-10-29,10,Oct,4,2024
304,2024-10-30,10,Oct,4,2024
305,2024-10-31,10,Oct,4,2024
306,2024-11-01,11,Nov,4,2024
307,2024-11-02,11,Nov,4,2024
308,2024-11-03,11,Nov,4,2024
309,2024-11-04,11,Nov,4,2024
310,2024-11-05,11,Nov,4,2024
311,2024-11-06,11,Nov,4,2024
312,2024-11-07,11,Nov,4,2024
313,2024-11-08,11,Nov,4,2024
314,2024-11-09,11,Nov,4,2024
315,2024-11-10,11,Nov,4,2024
316,2024-11-11,11,Nov,4,2024
317,2024-11-12,11,Nov,4,2024
318,2024-11-13,11,Nov,4,2024
319,2024-11-14,11,Nov,4,2024
320,2024-11-15,11,Nov,4,2024
321,2024-11-16,11,Nov,4,2024
322,2024-11-17,11,Nov,4,2024
323,2024-11-18,11,Nov,4,2024
324,2024-11-19,11,Nov,4,2024
325,2024-11-20,11,Nov,4,2024
326,2024-11-21,11,Nov,4,2024
327,2024-11-22,11,Nov,4,2024
328,2024-11-23,11,Nov,4,2024
329,2024-11-24,11,Nov,4,2024
330,2024-11-25,11,Nov,4,2024
331,2024-11-26,11,Nov,4,2024
332,2024-11-27,11,Nov,4,2024
333,2024-11-28,11,Nov,4,2024
334,2024-11-29,11,Nov,4,2024
335,2024-11-30,11,Nov,4,2024
336,2024-12-01,12,Dec,4,2024
337,2024-12-02,12,Dec,4,2024
338,2024-12-03,12,Dec,4,2024
339,2024-12-04,12,Dec,4,2024
340,2024-12-05,12,Dec,4,2024
341,2024-12-06,12,Dec,4,2024
342,2024-12-07,12,Dec,4,2024
343,2024-12-08,12,Dec,4,2024
344,2024-12-09,12,Dec,4,2024
345,2024-12-10,12,Dec,4,2024
346,2024-12-11,12,Dec,4,2024
347,2024-12-12,12,Dec,4,2024
348,2024-12-13,12,Dec,4,2024
349,2024-12-14,12,Dec,4,2024
350,2024-12-15,12,Dec,4,2024
351,2024-12-16,12,Dec,4,2024
352,2024-12-17,12,Dec,4,2024
353,2024-12-18,12,Dec,4,2024
354,2024-12-19,12,Dec,4,2024
355,2024-12-20,12,Dec,4,2024
356,2024-12-21,12,Dec,4,2024
357,2024-12-22,12,Dec,4,2024
358,2024-12-23,12,Dec,4,2024
359,2024-12-24,12,Dec,4,2024
360,2024-12-25,12,Dec,4,2024
361,2024-12-26,12,Dec,4,2024
362,2024-12-27,12,Dec,4,2024
363,2024-12-28,12,Dec,4,2024
364,2024-12-29,12,Dec,4,2024
365,2024-12-30,12,Dec,4,2024
366,2024-12-31,12,Dec,4,2024
367,2025-01-01,1,Jan,1,2025
368,2025-01-02,1,Jan,1,2025
369,2025-01-03,1,Jan,1,2025
370,2025-01-04,1,Jan,1,2025
371,2025-01-05,1,Jan,1,2025
372,2025-01-06,1,Jan,1,2025
373,2025-01-07,1,Jan,1,2025
374,2025-01-08,1,Jan,1,2025
375,2025-01-09,1,Jan,1,2025
376,2025-01-10,1,Jan,1,2025
377,2025-01-11,1,Jan,1,2025
378,2025-01-12,1,Jan,1,2025
379,2025-01-13,1,Jan,1,2025
380,2025-01-14,1,Jan,1,2025
381,2025-01-15,1,Jan,1,2025
382,2025-01-16,1,Jan,1,2025
383,2025-01-17,1,Jan,1,2025
384,2025-01-18,1,Jan,1,2025
385,2025-01-19,1,Jan,1,2025
386,2025-01-20,1,Jan,1,2025
387,2025-01-21,1,Jan,1,2025
388,2025-01-22,1,Jan,1,2025
389,2025-01-23,1,Jan,1,2025
390,2025-01-24,1,Jan,1,2025
391,2025-01-25,1,Jan,1,2025
392,2025-01-26,1,Jan,1,2025
393,2025-01-27,1,Jan,1,2025
394,2025-01-28,1,Jan,1,2025
395,2025-01-29,1,Jan,1,2025
396,2025-01-30,1,Jan,1,2025
397,2025-01-31,1,Jan,1,2025
398,2025-02-01,2,Feb,1,2025
399,2025-02-02,2,Feb,1,2025
400,2025-02-03,2,Feb,1,2025
401,2025-02-04,2,Feb,1,2025
402,2025-02-05,2,Feb,1,2025
403,2025-02-06,2,Feb,1,2025
404,2025-02-07,2,Feb,1,2025
405,2025-02-08,2,Feb,1,2025
406,2025-02-09,2,Feb,1,2025
407,2025-02-10,2,Feb,1,2025
408,2025-02-11,2,Feb,1,2025
409,2025-02-12,2,Feb,1,2025
410,2025-02-13,2,Feb,1,2025
411,2025-02-14,2,Feb,1,2025
412,2025-02-15,2,Feb,1,2025
413,2025-02-16,2,Feb,1,2025
414,2025-02-17,2,Feb,1,2025
415,2025-02-18,2,Feb,1,2025
416,2025-02-19,2,Feb,1,2025
417,2025-02-20,2,Feb,1,2025
418,2025-02-21,2,Feb,1,2025
419,2025-02-22,2,Feb,1,2025
420,2025-02-23,2,Feb,1,2025
421,2025-02-24,2,Feb,1,2025
422,2025-02-25,2,Feb,1,2025
423,2025-02-26,2,Feb,1,2025
424,2025-02-27,2,Feb,1,2025
425,2025-02-28,2,Feb,1,2025
426,2025-03-01,3,Mar,1,2025
427,2025-03-02,3,Mar,1,2025
428,2025-03-03,3,Mar,1,2025
429,2025-03-04,3,Mar,1,2025
430,2025-03-05,3,Mar,1,2025
431,2025-03-06,3,Mar,1,2025
432,2025-03-07,3,Mar,1,2025
433,2025-03-08,3,Mar,1,2025
434,2025-03-09,3,Mar,1,2025
435,2025-03-10,3,Mar,1,2025
436,2025-03-11,3,Mar,1,2025
437,2025-03-12,3,Mar,1,2025
438,2025-03-13,3,Mar,1,2025
439,2025-03-14,3,Mar,1,2025
440,2025-03-15,3,Mar,1,2025
441,2025-03-16,3,Mar,1,2025
442,2025-03-17,3,Mar,1,2025
443,2025-03-18,3,Mar,1,2025
444,2025-03-19,3,Mar,1,2025
445,2025-03-20,3,Mar,1,2025
446,2025-03-21,3,Mar,1,2025
447,2025-03-22,3,Mar,1,2025
448,2025-03-23,3,Mar,1,2025
449,2025-03-24,3,Mar,1,2025
450,2025-03-25,3,Mar,1,2025
451,2025-03-26,3,Mar,1,2025
452,2025-03-27,3,Mar,1,2025
453,2025-03-28,3,Mar,1,2025
454,2025-03-29,3,Mar,1,2025
455,2025-03-30,3,Mar,1,2025
456,2025-03-31,3,Mar,1,2025
457,2025-04-01,4,Apr,2,2025
458,2025-04-02,4,Apr,2,2025
459,2025-04-03,4,Apr,2,2025
460,2025-04-04,4,Apr,2,2025
461,2025-04-05,4,Apr,2,2025
462,2025-04-06,4,Apr,2,2025
463,2025-04-07,4,Apr,2,2025
464,2025-04-08,4,Apr,2,2025
465,2025-04-09,4,Apr,2,2025
466,2025-04-10,4,Apr,2,2025
467,2025-04-11,4,Apr,2,2025
468,2025-04-12,4,Apr,2,2025
469,2025-04-13,4,Apr,2,2025
470,2025-04-14,4,Apr,2,2025
471,2025-04-15,4,Apr,2,2025
472,2025-04-16,4,Apr,2,2025
473,2025-04-17,4,Apr,2,2025
474,2025-04-18,4,Apr,2,2025
475,2025-04-19,4,Apr,2,2025
476,2025-04-20,4,Apr,2,2025
477,2025-04-21,4,Apr,2,2025
478,2025-04-22,4,Apr,2,2025
479,2025-04-23,4,Apr,2,2025
480,2025-04-24,4,Apr,2,2025
481,2025-04-25,4,Apr,2,2025
482,2025-04-26,4,Apr,2,2025
483,2025-04-27,4,Apr,2,2025
484,2025-04-28,4,Apr,2,2025
485,2025-04-29,4,Apr,2,2025
486,2025-04-30,4,Apr,2,2025
487,2025-05-01,5,May,2,2025
488,2025-05-02,5,May,2,2025
489,2025-05-03,5,May,2,2025
490,2025-05-04,5,May,2,2025
491,2025-05-05,5,May,2,2025
492,2025-05-06,5,May,2,2025
493,2025-05-07,5,May,2,2025
494,2025-05-08,5,May,2,2025
495,2025-05-09,5,May,2,2025
496,2025-05-10,5,May,2,2025
497,2025-05-11,5,May,2,2025
498,2025-05-12,5,May,2,2025
499,2025-05-13,5,May,2,2025
500,2025-05-14,5,May,2,2025
501,2025-05-15,5,May,2,2025
502,2025-05-16,5,May,2,2025
503,2025-05-17,5,May,2,2025
504,2025-05-18,5,May,2,2025
505,2025-05-19,5,May,2,2025
506,2025-05-20,5,May,2,2025
507,2025-05-21,5,May,2,2025
508,2025-05-22,5,May,2,2025
509,2025-05-23,5,May,2,2025
510,2025-05-24,5,May,2,2025
511,2025-05-25,5,May,2,2025
512,2025-05-26,5,May,2,2025
513,2025-05-27,5,May,2,2025
514,2025-05-28,5,May,2,2025
515,2025-05-29,5,May,2,2025
516,2025-05-30,5,May,2,2025
517,2025-05-31,5,May,2,2025
518,2025-06-01,6,Jun,2,2025
519,2025-06-02,6,Jun,2,2025
520,2025-06-03,6,Jun,2,2025
521,2025-06-04,6,Jun,2,2025
522,2025-06-05,6,Jun,2,2025
523,2025-06-06,6,Jun,2,2025
524,2025-06-07,6,Jun,2,2025
525,2025-06-08,6,Jun,2,2025
526,2025-06-09,6,Jun,2,2025
527,2025-06-10,6,Jun,2,2025
528,2025-06-11,6,Jun,2,2025
529,2025-06-12,6,Jun,2,2025
530,2025-06-13,6,Jun,2,2025
531,2025-06-14,6,Jun,2,2025
532,2025-06-15,6,Jun,2,2025
533,2025-06-16,6,Jun,2,2025
534,2025-06-17,6,Jun,2,2025
535,2025-06-18,6,Jun,2,2025
536,2025-06-19,6,Jun,2,2025
537,2025-06-20,6,Jun,2,2025
538,2025-06-21,6,Jun,2,2025
539,2025-06-22,6,Jun,2,2025
540,2025-06-23,6,Jun,2,2025
541,2025-06-24,6,Jun,2,2025
542,2025-06-25,6,Jun,2,2025
543,2025-06-26,6,Jun,2,2025
544,2025-06-27,6,Jun,2,2025
545,2025-06-28,6,Jun,2,2025
546,2025-06-29,6,Jun,2,2025
547,2025-06-30,6,Jun,2,2025
548,2025-07-01,7,Jul,3,2025
549,2025-07-02,7,Jul,3,2025
550,2025-07-03,7,Jul,3,2025
551,2025-07-04,7,Jul,3,2025
552,2025-07-05,7,Jul,3,2025
553,2025-07-06,7,Jul,3,2025
554,2025-07-07,7,Jul,3,2025
555,2025-07-08,7,Jul,3,2025
556,2025-07-09,7,Jul,3,2025
557,2025-07-10,7,Jul,3,2025
558,2025-07-11,7,Jul,3,2025
559,2025-07-12,7,Jul,3,2025
560,2025-07-13,7,Jul,3,2025
561,2025-07-14,7,Jul,3,2025
562,2025-07-15,7,Jul,3,2025
563,2025-07-16,7,Jul,3,2025
564,2025-07-17,7,Jul,3,2025
565,2025-07-18,7,Jul,3,2025
566,2025-07-19,7,Jul,3,2025
567,2025-07-20,7,Jul,3,2025
568,2025-07-21,7,Jul,3,2025
569,2025-07-22,7,Jul,3,2025
570,2025-07-23,7,Jul,3,2025
571,2025-07-24,7,Jul,3,2025
572,2025-07-25,7,Jul,3,2025
573,2025-07-26,7,Jul,3,2025
574,2025-07-27,7,Jul,3,2025
575,2025-07-28,7,Jul,3,2025
576,2025-07-29,7,Jul,3,2025
577,2025-07-30,7,Jul,3,2025
578,2025-07-31,7,Jul,3,2025
579,2025-08-01,8,Aug,3,2025
580,2025-08-02,8,Aug,3,2025
581,2025-08-03,8,Aug,3,2025
582,2025-08-04,8,Aug,3,2025
583,2025-08-05,8,Aug,3,2025
584,2025-08-06,8,Aug,3,2025
585,2025-08-07,8,Aug,3,2025
586,2025-08-08,8,Aug,3,2025
587,2025-08-09,8,Aug,3,2025
588,2025-08-10,8,Aug,3,2025
589,2025-08-11,8,Aug,3,2025
590,2025-08-12,8,Aug,3,2025
591,2025-08-13,8,Aug,3,2025
592,2025-08-14,8,Aug,3,2025
593,2025-08-15,8,Aug,3,2025
594,2025-08-16,8,Aug,3,2025
595,2025-08-17,8,Aug,3,2025
596,2025-08-18,8,Aug,3,2025
597,2025-08-19,8,Aug,3,2025
598,2025-08-20,8,Aug,3,2025
599,2025-08-21,8,Aug,3,2025
600,2025-08-22,8,Aug,3,2025
601,2025-08-23,8,Aug,3,2025
602,2025-08-24,8,Aug,3,2025
603,2025-08-25,8,Aug,3,2025
604,2025-08-26,8,Aug,3,2025
605,2025-08-27,8,Aug,3,2025
606,2025-08-28,8,Aug,3,2025
607,2025-08-29,8,Aug,3,2025
608,2025-08-30,8,Aug,3,2025
609,2025-08-31,8,Aug,3,2025
610,2025-09-01,9,Sep,3,2025
611,2025-09-02,9,Sep,3,2025
612,2025-09-03,9,Sep,3,2025
613,2025-09-04,9,Sep,3,2025
614,2025-09-05,9,Sep,3,2025
615,2025-09-06,9,Sep,3,2025
616,2025-09-07,9,Sep,3,2025
617,2025-09-08,9,Sep,3,2025
618,2025-09-09,9,Sep,3,2025
619,2025-09-10,9,Sep,3,2025
620,2025-09-11,9,Sep,3,2025
621,2025-09-12,9,Sep,3,2025
622,2025-09-13,9,Sep,3,2025
623,2025-09-14,9,Sep,3,2025
624,2025-09-15,9,Sep,3,2025
625,2025-09-16,9,Sep,3,2025
626,2025-09-17,9,Sep,3,2025
627,2025-09-18,9,Sep,3,2025
628,2025-09-19,9,Sep,3,2025
629,2025-09-20,9,Sep,3,2025
630,2025-09-21,9,Sep,3,2025
631,2025-09-22,9,Sep,3,2025
632,2025-09-23,9,Sep,3,2025
633,2025-09-24,9,Sep,3,2025
634,2025-09-25,9,Sep,3,2025
635,2025-09-26,9,Sep,3,2025
636,2025-09-27,9,Sep,3,2025
637,2025-09-28,9,Sep,3,2025
638,2025-09-29,9,Sep,3,2025
639,2025-09-30,9,Sep,3,2025
640,2025-10-01,10,Oct,4,2025
641,2025-10-02,10,Oct,4,2025
642,2025-10-03,10,Oct,4,2025
643,2025-10-04,10,Oct,4,2025
644,2025-10-05,10,Oct,4,2025
645,2025-10-06,10,Oct,4,2025
646,2025-10-07,10,Oct,4,2025
647,2025-10-08,10,Oct,4,2025
648,2025-10-09,10,Oct,4,2025
649,2025-10-10,10,Oct,4,2025
650,2025-10-11,10,Oct,4,2025
651,2025-10-12,10,Oct,4,2025
652,2025-10-13,10,Oct,4,2025
653,2025-10-14,10,Oct,4,2025
654,2025-10-15,10,Oct,4,2025
655,2025-10-16,10,Oct,4,2025
656,2025-10-17,10,Oct,4,2025
657,2025-10-18,10,Oct,4,2025
658,2025-10-19,10,Oct,4,2025
659,2025-10-20,10,Oct,4,2025
660,2025-10-21,10,Oct,4,2025
661,2025-10-22,10,Oct,4,2025
662,2025-10-23,10,Oct,4,2025
663,2025-10-24,10,Oct,4,2025
664,2025-10-25,10,Oct,4,2025
665,2025-10-26,10,Oct,4,2025
666,2025-10-27,10,Oct,4,2025
667,2025-10-28,10,Oct,4,2025
668,2025-10-29,10,Oct,4,2025
669,2025-10-30,10,Oct,4,2025
670,2025-10-31,10,Oct,4,2025
671,2025-11-01,11,Nov,4,2025
672,2025-11-02,11,Nov,4,2025
673,2025-11-03,11,Nov,4,2025
674,2025-11-04,11,Nov,4,2025
675,2025-11-05,11,Nov,4,2025
676,2025-11-06,11,Nov,4,2025
677,2025-11-07,11,Nov,4,2025
678,2025-11-08,11,Nov,4,2025
679,2025-11-09,11,Nov,4,2025
680,2025-11-10,11,Nov,4,2025
681,2025-11-11,11,Nov,4,2025
682,2025-11-12,11,Nov,4,2025
683,2025-11-13,11,Nov,4,2025
684,2025-11-14,11,Nov,4,2025
685,2025-11-15,11,Nov,4,2025
686,2025-11-16,11,Nov,4,2025
687,2025-11-17,11,Nov,4,2025
688,2025-11-18,11,Nov,4,2025
689,2025-11-19,11,Nov,4,2025
690,2025-11-20,11,Nov,4,2025
691,2025-11-21,11,Nov,4,2025
692,2025-11-22,11,Nov,4,2025
693,2025-11-23,11,Nov,4,2025
694,2025-11-24,11,Nov,4,2025
695,2025-11-25,11,Nov,4,2025
696,2025-11-26,11,Nov,4,2025
697,2025-11-27,11,Nov,4,2025
698,2025-11-28,11,Nov,4,2025
699,2025-11-29,11,Nov,4,2025
700,2025-11-30,11,Nov,4,2025
701,2025-12-01,12,Dec,4,2025
702,2025-12-02,12,Dec,4,2025
703,2025-12-03,12,Dec,4,2025
704,2025-12-04,12,Dec,4,2025
705,2025-12-05,12,Dec,4,2025
706,2025-12-06,12,Dec,4,2025
707,2025-12-07,12,Dec,4,2025
708,2025-12-08,12,Dec,4,2025
709,2025-12-09,12,Dec,4,2025
710,2025-12-10,12,Dec,4,2025
711,2025-12-11,12,Dec,4,2025
712,2025-12-12,12,Dec,4,2025
713,2025-12-13,12,Dec,4,2025
714,2025-12-14,12,Dec,4,2025
715,2025-12-15,12,Dec,4,2025
716,2025-12-16,12,Dec,4,2025
717,2025-12-17,12,Dec,4,2025
718,2025-12-18,12,Dec,4,2025
719,2025-12-19,12,Dec,4,2025
720,2025-12-20,12,Dec,4,2025
721,2025-12-21,12,Dec,4,2025
722,2025-12-22,12,Dec,4,2025
723,2025-12-23,12,Dec,4,2025
724,2025-12-24,12,Dec,4,2025
725,2025-12-25,12,Dec,4,2025
726,2025-12-26,12,Dec,4,2025
727,2025-12-27,12,Dec,4,2025
728,2025-12-28,12,Dec,4,2025
729,2025-12-29,12,Dec,4,2025
730,2025-12-30,12,Dec,4,2025
731,2025-12-31,12,Dec,4,2025
732,2026-01-01,1,Jan,1,2026
733,2026-01-02,1,Jan,1,2026
734,2026-01-03,1,Jan,1,2026
735,2026-01-04,1,Jan,1,2026
736,2026-01-05,1,Jan,1,2026
737,2026-01-06,1,Jan,1,2026
738,2026-01-07,1,Jan,1,2026
739,2026-01-08,1,Jan,1,2026
740,2026-01-09,1,Jan,1,2026
741,2026-01-10,1,Jan,1,2026
742,2026-01-11,1,Jan,1,2026
743,2026-01-12,1,Jan,1,2026
744,2026-01-13,1,Jan,1,2026
745,2026-01-14,1,Jan,1,2026
746,2026-01-15,1,Jan,1,2026
747,2026-01-16,1,Jan,1,2026
748,2026-01-17,1,Jan,1,2026
749,2026-01-18,1,Jan,1,2026
750,2026-01-19,1,Jan,1,2026
751,2026-01-20,1,Jan,1,2026
752,2026-01-21,1,Jan,1,2026
753,2026-01-22,1,Jan,1,2026
754,2026-01-23,1,Jan,1,2026
755,2026-01-24,1,Jan,1,2026
756,2026-01-25,1,Jan,1,2026
757,2026-01-26,1,Jan,1,2026
758,2026-01-27,1,Jan,1,2026
759,2026-01-28,1,Jan,1,2026
760,2026-01-29,1,Jan,1,2026
761,2026-01-30,1,Jan,1,2026
762,2026-01-31,1,Jan,1,2026
763,2026-02-01,2,Feb,1,2026
764,2026-02-02,2,Feb,1,2026
765,2026-02-03,2,Feb,1,2026
766,2026-02-04,2,Feb,1,2026
767,2026-02-05,2,Feb,1,2026
768,2026-02-06,2,Feb,1,2026
769,2026-02-07,2,Feb,1,2026
770,2026-02-08,2,Feb,1,2026
771,2026-02-09,2,Feb,1,2026
772,2026-02-10,2,Feb,1,2026
773,2026-02-11,2,Feb,1,2026
774,2026-02-12,2,Feb,1,2026
775,2026-02-13,2,Feb,1,2026
776,2026-02-14,2,Feb,1,2026
777,2026-02-15,2,Feb,1,2026
778,2026-02-16,2,Feb,1,2026
779,2026-02-17,2,Feb,1,2026
780,2026-02-18,2,Feb,1,2026
781,2026-02-19,2,Feb,1,2026
782,2026-02-20,2,Feb,1,2026
783,2026-02-21,2,Feb,1,2026
784,2026-02-22,2,Feb,1,2026
785,2026-02-23,2,Feb,1,2026
786,2026-02-24,2,Feb,1,2026
787,2026-02-25,2,Feb,1,2026
788,2026-02-26,2,Feb,1,2026
789,2026-02-27,2,Feb,1,2026
790,2026-02-28,2,Feb,1,2026
791,2026-03-01,3,Mar,1,2026
792,2026-03-02,3,Mar,1,2026
793,2026-03-03,3,Mar,1,2026
794,2026-03-04,3,Mar,1,2026
795,2026-03-05,3,Mar,1,2026
796,2026-03-06,3,Mar,1,2026
797,2026-03-07,3,Mar,1,2026
798,2026-03-08,3,Mar,1,2026
799,2026-03-09,3,Mar,1,2026
800,2026-03-10,3,Mar,1,2026
801,2026-03-11,3,Mar,1,2026
802,2026-03-12,3,Mar,1,2026
803,2026-03-13,3,Mar,1,2026
804,2026-03-14,3,Mar,1,2026
805,2026-03-15,3,Mar,1,2026
806,2026-03-16,3,Mar,1,2026
807,2026-03-17,3,Mar,1,2026
808,2026-03-18,3,Mar,1,2026
809,2026-03-19,3,Mar,1,2026
810,2026-03-20,3,Mar,1,2026
811,2026-03-21,3,Mar,1,2026
812,2026-03-22,3,Mar,1,2026
813,2026-03-23,3,Mar,1,2026
814,2026-03-24,3,Mar,1,2026
815,2026-03-25,3,Mar,1,2026
816,2026-03-26,3,Mar,1,2026
817,2026-03-27,3,Mar,1,2026
818,2026-03-28,3,Mar,1,2026
819,2026-03-29,3,Mar,1,2026
820,2026-03-30,3,Mar,1,2026
821,2026-03-31,3,Mar,1,2026
822,2026-04-01,4,Apr,2,2026
823,2026-04-02,4,Apr,2,2026
824,2026-04-03,4,Apr,2,2026
825,2026-04-04,4,Apr,2,2026
826,2026-04-05,4,Apr,2,2026
827,2026-04-06,4,Apr,2,2026
828,2026-04-07,4,Apr,2,2026
829,2026-04-08,4,Apr,2,2026
830,2026-04-09,4,Apr,2,2026
831,2026-04-10,4,Apr,2,2026
832,2026-04-11,4,Apr,2,2026
833,2026-04-12,4,Apr,2,2026
834,2026-04-13,4,Apr,2,2026
835,2026-04-14,4,Apr,2,2026
836,2026-04-15,4,Apr,2,2026
837,2026-04-16,4,Apr,2,2026
838,2026-04-17,4,Apr,2,2026
839,2026-04-18,4,Apr,2,2026
840,2026-04-19,4,Apr,2,2026
841,2026-04-20,4,Apr,2,2026
842,2026-04-21,4,Apr,2,2026
843,2026-04-22,4,Apr,2,2026
844,2026-04-23,4,Apr,2,2026
845,2026-04-24,4,Apr,2,2026
846,2026-04-25,4,Apr,2,2026
847,2026-04-26,4,Apr,2,2026
848,2026-04-27,4,Apr,2,2026
849,2026-04-28,4,Apr,2,2026
850,2026-04-29,4,Apr,2,2026
851,2026-04-30,4,Apr,2,2026
852,2026-05-01,5,May,2,2026
853,2026-05-02,5,May,2,2026
854,2026-05-03,5,May,2,2026
855,2026-05-04,5,May,2,2026
856,2026-05-05,5,May,2,2026
857,2026-05-06,5,May,2,2026
858,2026-05-07,5,May,2,2026
859,2026-05-08,5,May,2,2026
860,2026-05-09,5,May,2,2026
861,2026-05-10,5,May,2,2026
862,2026-05-11,5,May,2,2026
863,2026-05-12,5,May,2,2026
864,2026-05-13,5,May,2,2026
865,2026-05-14,5,May,2,2026
866,2026-05-15,5,May,2,2026
867,2026-05-16,5,May,2,2026
868,2026-05-17,5,May,2,2026
869,2026-05-18,5,May,2,2026
870,2026-05-19,5,May,2,2026
871,2026-05-20,5,May,2,2026
872,2026-05-21,5,May,2,2026
873,2026-05-22,5,May,2,2026
874,2026-05-23,5,May,2,2026
875,2026-05-24,5,May,2,2026
876,2026-05-25,5,May,2,2026
877,2026-05-26,5,May,2,2026
878,2026-05-27,5,May,2,2026
879,2026-05-28,5,May,2,2026
880,2026-05-29,5,May,2,2026
881,2026-05-30,5,May,2,2026
882,2026-05-31,5,May,2,2026
883,2026-06-01,6,Jun,2,2026
884,2026-06-02,6,Jun,2,2026
885,2026-06-03,6,Jun,2,2026
886,2026-06-04,6,Jun,2,2026
887,2026-06-05,6,Jun,2,2026
888,2026-06-06,6,Jun,2,2026
889,2026-06-07,6,Jun,2,2026
890,2026-06-08,6,Jun,2,2026
891,2026-06-09,6,Jun,2,2026
892,2026-06-10,6,Jun,2,2026
893,2026-06-11,6,Jun,2,2026
894,2026-06-12,6,Jun,2,2026
895,2026-06-13,6,Jun,2,2026
896,2026-06-14,6,Jun,2,2026
897,2026-06-15,6,Jun,2,2026
898,2026-06-16,6,Jun,2,2026
899,2026-06-17,6,Jun,2,2026
900,2026-06-18,6,Jun,2,2026
901,2026-06-19,6,Jun,2,2026
902,2026-06-20,6,Jun,2,2026
903,2026-06-21,6,Jun,2,2026
904,2026-06-22,6,Jun,2,2026
905,2026-06-23,6,Jun,2,2026
906,2026-06-24,6,Jun,2,2026
907,2026-06-25,6,Jun,2,2026
908,2026-06-26,6,Jun,2,2026
909,2026-06-27,6,Jun,2,2026
910,2026-06-28,6,Jun,2,2026
911,2026-06-29,6,Jun,2,2026
912,2026-06-30,6,Jun,2,2026
913,2026-07-01,7,Jul,3,2026
914,2026-07-02,7,Jul,3,2026
915,2026-07-03,7,Jul,3,2026
916,2026-07-04,7,Jul,3,2026
917,2026-07-05,7,Jul,3,2026
918,2026-07-06,7,Jul,3,2026
919,2026-07-07,7,Jul,3,2026
920,2026-07-08,7,Jul,3,2026
921,2026-07-09,7,Jul,3,2026
922,2026-07-10,7,Jul,3,2026
923,2026-07-11,7,Jul,3,2026
924,2026-07-12,7,Jul,3,2026
925,2026-07-13,7,Jul,3,2026
926,2026-07-14,7,Jul,3,2026
927,2026-07-15,7,Jul,3,2026
928,2026-07-16,7,Jul,3,2026
929,2026-07-17,7,Jul,3,2026
930,2026-07-18,7,Jul,3,2026
931,2026-07-19,7,Jul,3,2026
932,2026-07-20,7,Jul,3,2026
933,2026-07-21,7,Jul,3,2026
934,2026-07-22,7,Jul,3,2026
935,2026-07-23,7,Jul,3,2026
936,2026-07-24,7,Jul,3,2026
937,2026-07-25,7,Jul,3,2026
938,2026-07-26,7,Jul,3,2026
939,2026-07-27,7,Jul,3,2026
940,2026-07-28,7,Jul,3,2026
941,2026-07-29,7,Jul,3,2026
942,2026-07-30,7,Jul,3,2026
943,2026-07-31,7,Jul,3,2026
944,2026-08-01,8,Aug,3,2026
945,2026-08-02,8,Aug,3,2026
946,2026-08-03,8,Aug,3,2026
947,2026-08-04,8,Aug,3,2026
948,2026-08-05,8,Aug,3,2026
949,2026-08-06,8,Aug,3,2026
950,2026-08-07,8,Aug,3,2026
951,2026-08-08,8,Aug,3,2026
952,2026-08-09,8,Aug,3,2026
953,2026-08-10,8,Aug,3,2026
954,2026-08-11,8,Aug,3,2026
955,2026-08-12,8,Aug,3,2026
956,2026-08-13,8,Aug,3,2026
957,2026-08-14,8,Aug,3,2026
958,2026-08-15,8,Aug,3,2026
959,2026-08-16,8,Aug,3,2026
960,2026-08-17,8,Aug,3,2026
961,2026-08-18,8,Aug,3,2026
962,2026-08-19,8,Aug,3,2026
963,2026-08-20,8,Aug,3,2026
964,2026-08-21,8,Aug,3,2026
965,2026-08-22,8,Aug,3,2026
966,2026-08-23,8,Aug,3,2026
967,2026-08-24,8,Aug,3,2026
968,2026-08-25,8,Aug,3,2026
969,2026-08-26,8,Aug,3,2026
970,2026-08-27,8,Aug,3,2026
971,2026-08-28,8,Aug,3,2026
972,2026-08-29,8,Aug,3,2026
973,2026-08-30,8,Aug,3,2026
974,2026-08-31,8,Aug,3,2026
975,2026-09-01,9,Sep,3,2026
976,2026-09-02,9,Sep,3,2026
977,2026-09-03,9,Sep,3,2026
978,2026-09-04,9,Sep,3,2026
979,2026-09-05,9,Sep,3,2026
980,2026-09-06,9,Sep,3,2026
981,2026-09-07,9,Sep,3,2026
982,2026-09-08,9,Sep,3,2026
983,2026-09-09,9,Sep,3,2026
984,2026-09-10,9,Sep,3,2026
985,2026-09-11,9,Sep,3,2026
986,2026-09-12,9,Sep,3,2026
987,2026-09-13,9,Sep,3,2026
988,2026-09-14,9,Sep,3,2026
989,2026-09-15,9,Sep,3,2026
990,2026-09-16,9,Sep,3,2026
991,2026-09-17,9,Sep,3,2026
992,2026-09-18,9,Sep,3,2026
993,2026-09-19,9,Sep,3,2026
994,2026-09-20,9,Sep,3,2026
995,2026-09-21,9,Sep,3,2026
996,2026-09-22,9,Sep,3,2026
997,2026-09-23,9,Sep,3,2026
998,2026-09-24,9,Sep,3,2026
999,2026-09-25,9,Sep,3,2026
1000,2026-09-26,9,Sep,3,2026
1001,2026-09-27,9,Sep,3,2026
1002,2026-09-28,9,Sep,3,2026
1003,2026-09-29,9,Sep,3,2026
1004,2026-09-30,9,Sep,3,2026
1005,2026-10-01,10,Oct,4,2026
1006,2026-10-02,10,Oct,4,2026
1007,2026-10-03,10,Oct,4,2026
1008,2026-10-04,10,Oct,4,2026
1009,2026-10-05,10,Oct,4,2026
1010,2026-10-06,10,Oct,4,2026
1011,2026-10-07,10,Oct,4,2026
1012,2026-10-08,10,Oct,4,2026
1013,2026-10-09,10,Oct,4,2026
1014,2026-10-10,10,Oct,4,2026
1015,2026-10-11,10,Oct,4,2026
1016,2026-10-12,10,Oct,4,2026
1017,2026-10-13,10,Oct,4,2026
1018,2026-10-14,10,Oct,4,2026
1019,2026-10-15,10,Oct,4,2026
1020,2026-10-16,10,Oct,4,2026
1021,2026-10-17,10,Oct,4,2026
1022,2026-10-18,10,Oct,4,2026
1023,2026-10-19,10,Oct,4,2026
1024,2026-10-20,10,Oct,4,2026
1025,2026-10-21,10,Oct,4,2026
1026,2026-10-22,10,Oct,4,2026
1027,2026-10-23,10,Oct,4,2026
1028,2026-10-24,10,Oct,4,2026
1029,2026-10-25,10,Oct,4,2026
1030,2026-10-26,10,Oct,4,2026
1031,2026-10-27,10,Oct,4,2026
1032,2026-10-28,10,Oct,4,2026
1033,2026-10-29,10,Oct,4,2026
1034,2026-10-30,10,Oct,4,2026
1035,2026-10-31,10,Oct,4,2026
1036,2026-11-01,11,Nov,4,2026
1037,2026-11-02,11,Nov,4,2026
1038,2026-11-03,11,Nov,4,2026
1039,2026-11-04,11,Nov,4,2026
1040,2026-11-05,11,Nov,4,2026
1041,2026-11-06,11,Nov,4,2026
1042,2026-11-07,11,Nov,4,2026
1043,2026-11-08,11,Nov,4,2026
1044,2026-11-09,11,Nov,4,2026
1045,2026-11-10,11,Nov,4,2026
1046,2026-11-11,11,Nov,4,2026
1047,2026-11-12,11,Nov,4,2026
1048,2026-11-13,11,Nov,4,2026
1049,2026-11-14,11,Nov,4,2026
1050,2026-11-15,11,Nov,4,2026
1051,2026-11-16,11,Nov,4,2026
1052,2026-11-17,11,Nov,4,2026
1053,2026-11-18,11,Nov,4,2026
1054,2026-11-19,11,Nov,4,2026
1055,2026-11-20,11,Nov,4,2026
1056,2026-11-21,11,Nov,4,2026
1057,2026-11-22,11,Nov,4,2026
1058,2026-11-23,11,Nov,4,2026
1059,2026-11-24,11,Nov,4,2026
1060,2026-11-25,11,Nov,4,2026
1061,2026-11-26,11,Nov,4,2026
1062,2026-11-27,11,Nov,4,2026
1063,2026-11-28,11,Nov,4,2026
1064,2026-11-29,11,Nov,4,2026
1065,2026-11-30,11,Nov,4,2026
1066,2026-12-01,12,Dec,4,2026
1067,2026-12-02,12,Dec,4,2026
1068,2026-12-03,12,Dec,4,2026
1069,2026-12-04,12,Dec,4,2026
1070,2026-12-05,12,Dec,4,2026
1071,2026-12-06,12,Dec,4,2026
1072,2026-12-07,12,Dec,4,2026
1073,2026-12-08,12,Dec,4,2026
1074,2026-12-09,12,Dec,4,2026
1075,2026-12-10,12,Dec,4,2026
1076,2026-12-11,12,Dec,4,2026
1077,2026-12-12,12,Dec,4,2026
1078,2026-12-13,12,Dec,4,2026
1079,2026-12-14,12,Dec,4,2026
1080,2026-12-15,12,Dec,4,2026
1081,2026-12-16,12,Dec,4,2026
1082,2026-12-17,12,Dec,4,2026
1083,2026-12-18,12,Dec,4,2026
1084,2026-12-19,12,Dec,4,2026
1085,2026-12-20,12,Dec,4,2026
1086,2026-12-21,12,Dec,4,2026
1087,2026-12-22,12,Dec,4,2026
1088,2026-12-23,12,Dec,4,2026
1089,2026-12-24,12,Dec,4,2026
1090,2026-12-25,12,Dec,4,2026
1091,2026-12-26,12,Dec,4,2026
1092,2026-12-27,12,Dec,4,2026
1093,2026-12-28,12,Dec,4,2026
1094,2026-12-29,12,Dec,4,2026
1095,2026-12-30,12,Dec,4,2026
1096,2026-12-31,12,Dec,4,2026
